<?xml version="1.0" encoding="UTF-8" standalone="yes"?>
<rule name="Untitled-0">
    <interface>
        <comment>rule comment</comment>
        <fixParam name="fp" type="Number"/>
        <chgParam name="cp" type="Boolean"/>
        <overviewPE name="cp">
            <value>cp</value>
        </overviewPE>
        <detailedPE name="cp">
            <value>cp</value>
        </detailedPE>
    </interface>
    <definition>
        <code></code>
        <offCondition>false</offCondition>
        <eventScript name="Script">
            <eventExpr>fp;cp;7</eventExpr>
            <code>getStrategy().getOutStream().writekn("Hello World");</code>
        </eventScript>
        <orderAgent name="Order_Agent">
            <code>var x;
var b = false;</code>
            <cnd>b</cnd>
            <trd>'XTR ALV'</trd>
            <acc>"ACC"</acc>
            <buy>false</buy>
            <qty>x</qty>
            <lmt>10.7</lmt>
        </orderAgent>
        <peCode>String foo = "bar";</peCode>
    </definition>
</rule>
